<?xml version="1.0" encoding="UTF-8"?>
<!DOCTYPE MudletPackage>
<MudletPackage version="1.001">
    <TriggerPackage>
        <TriggerGroup isActive="yes" isFolder="yes" isTempTrigger="no" isMultiline="no" isPerlSlashGOption="no" isColorizerTrigger="no" isFilterTrigger="no" isSoundTrigger="no" isColorTrigger="no" isColorTriggerFg="no" isColorTriggerBg="no">
            <name>febbackup2</name>
            <script></script>
            <triggerType>0</triggerType>
            <conditonLineDelta>0</conditonLineDelta>
            <mStayOpen>0</mStayOpen>
            <mCommand></mCommand>
            <packageName>febbackup2</packageName>
            <mFgColor>#ff0000</mFgColor>
            <mBgColor>#ffff00</mBgColor>
            <mSoundFile></mSoundFile>
            <colorTriggerFgColor>#000000</colorTriggerFgColor>
            <colorTriggerBgColor>#000000</colorTriggerBgColor>
            <regexCodeList/>
            <regexCodePropertyList/>
            <TriggerGroup isActive="yes" isFolder="yes" isTempTrigger="no" isMultiline="no" isPerlSlashGOption="no" isColorizerTrigger="no" isFilterTrigger="no" isSoundTrigger="no" isColorTrigger="no" isColorTriggerFg="no" isColorTriggerBg="no">
                <name>shadowtracker</name>
                <script></script>
                <triggerType>0</triggerType>
                <conditonLineDelta>0</conditonLineDelta>
                <mStayOpen>0</mStayOpen>
                <mCommand></mCommand>
                <packageName></packageName>
                <mFgColor>#ff0000</mFgColor>
                <mBgColor>#ffff00</mBgColor>
                <mSoundFile></mSoundFile>
                <colorTriggerFgColor>#000000</colorTriggerFgColor>
                <colorTriggerBgColor>#000000</colorTriggerBgColor>
                <regexCodeList/>
                <regexCodePropertyList/>
                <Trigger isActive="yes" isFolder="no" isTempTrigger="no" isMultiline="no" isPerlSlashGOption="no" isColorizerTrigger="no" isFilterTrigger="no" isSoundTrigger="no" isColorTrigger="no" isColorTriggerFg="no" isColorTriggerBg="no">
                    <name>shadow is at 0</name>
                    <script>shadoowtwistnum = tonumber(0)

cecho (&quot;\n&lt;red&gt;Shadow is at number &quot; .. shadoowtwistnum)</script>
                    <triggerType>0</triggerType>
                    <conditonLineDelta>0</conditonLineDelta>
                    <mStayOpen>0</mStayOpen>
                    <mCommand></mCommand>
                    <packageName></packageName>
                    <mFgColor>#ff0000</mFgColor>
                    <mBgColor>#ffff00</mBgColor>
                    <mSoundFile></mSoundFile>
                    <colorTriggerFgColor>#000000</colorTriggerFgColor>
                    <colorTriggerBgColor>#000000</colorTriggerBgColor>
                    <regexCodeList>
                        <string>^You are not holding (\w+)'s shadow.$</string>
                        <string>^Having sustained too many twists, the shadow of (\w+) simply collapses into a fine black mist.$</string>
                        <string>^The shadow of (\w+) disperses into a black mist and seeps through your fingers onto the ground.$</string>
                        <string>^You thrust an athame dagger into the ground near (\w+), then as you withdraw your weapon from the ground, (his|her) shadow comes with it.$</string>
                        <string>The fragile shadow poofs beneath your harsh squeeze.</string>
                        <string>^The shadow of (\w+) collapses into a fine black mist as the light of dawn strikes it, disappearing into the air.$</string>
                    </regexCodeList>
                    <regexCodePropertyList>
                        <integer>1</integer>
                        <integer>1</integer>
                        <integer>1</integer>
                        <integer>1</integer>
                        <integer>3</integer>
                        <integer>1</integer>
                    </regexCodePropertyList>
                </Trigger>
                <Trigger isActive="yes" isFolder="no" isTempTrigger="no" isMultiline="no" isPerlSlashGOption="no" isColorizerTrigger="no" isFilterTrigger="no" isSoundTrigger="no" isColorTrigger="no" isColorTriggerFg="no" isColorTriggerBg="no">
                    <name>Shadow plus one</name>
                    <script>shadoowtwistnum = shadoowtwistnum+1

cecho (&quot;\n&lt;red&gt;Shadow is at number &quot; .. shadoowtwistnum)
if shadoowtwistnum == 3 then
cecho (&quot;\n&lt;red&gt; ON AEON TWIST IF YOU WANT TO SQUEEZE&quot;)

if not mm.conf.paused then 
send (&quot;spit poison at &quot; .. target)
send (&quot;spit poison at &quot; .. target)
if (twistaeonTimer) then killTimer(twistaeonTimer) end
twistaeonTimer =  tempTimer(11, [[cecho(&quot;&lt;orange&gt;\nTHE AEON ON TWIST WEARS OFF IN THREE SECONDS\nTHE AEON ON TWIST WEARS OFF IN THREE SECONDS\nTHE AEON ON TWIST WEARS OFF IN THREE SECONDS\nTHE AEON ON TWIST WEARS OFF IN THREE SECONDS\n&quot;)]])
else
end

else
if shadoowtwistnum == 6 then
cecho (&quot;\n&lt;red&gt;ONE BEFORE FINAL TWIST GET READY&quot;)
cecho (&quot;\n&lt;red&gt;ONE BEFORE FINAL TWIST GET READY&quot;)
cecho (&quot;\n&lt;red&gt;ONE BEFORE FINAL TWIST GET READY&quot;)
cecho (&quot;\n&lt;red&gt;ONE BEFORE FINAL TWIST GET READY&quot;)
else
if shadoowtwistnum == 7 then
cecho (&quot;\n&lt;red&gt;FINAL TWIST HIT TWIST HIT&quot;)
cecho (&quot;\n&lt;red&gt;FINAL TWIST HIT TWIST HIT&quot;)
cecho (&quot;\n&lt;red&gt;FINAL TWIST HIT TWIST HIT&quot;)
cecho (&quot;\n&lt;red&gt;FINAL TWIST HIT TWIST HIT&quot;)
send (&quot;spit poison at &quot; .. target)
send (&quot;spit poison at &quot; .. target)
shadoowtwistnum = 0
else
end
end
end</script>
                    <triggerType>0</triggerType>
                    <conditonLineDelta>0</conditonLineDelta>
                    <mStayOpen>0</mStayOpen>
                    <mCommand></mCommand>
                    <packageName></packageName>
                    <mFgColor>#ff0000</mFgColor>
                    <mBgColor>#ffff00</mBgColor>
                    <mSoundFile></mSoundFile>
                    <colorTriggerFgColor>#000000</colorTriggerFgColor>
                    <colorTriggerBgColor>#000000</colorTriggerBgColor>
                    <regexCodeList>
                        <string>^You grasp the shadow of (\w+) in your hands and twist it violently, smiling darkly as (\w+) writhes in agony.$</string>
                    </regexCodeList>
                    <regexCodePropertyList>
                        <integer>1</integer>
                    </regexCodePropertyList>
                </Trigger>
                <Trigger isActive="yes" isFolder="no" isTempTrigger="no" isMultiline="no" isPerlSlashGOption="no" isColorizerTrigger="no" isFilterTrigger="no" isSoundTrigger="no" isColorTrigger="no" isColorTriggerFg="no" isColorTriggerBg="no">
                    <name>bansheetimer</name>
                    <script>if (bansheeTimer) then killTimer(bansheeTimer) end
bansheeTimer =  tempTimer(7, [[cecho(&quot;&lt;red&gt; BANSHEE HITS IN 3 SECONDS\nBANSHEE HITS IN 3 SECONDS\nBANSHEE HITS IN 3 SECONDS&quot;)]])</script>
                    <triggerType>0</triggerType>
                    <conditonLineDelta>0</conditonLineDelta>
                    <mStayOpen>0</mStayOpen>
                    <mCommand></mCommand>
                    <packageName></packageName>
                    <mFgColor>#ff0000</mFgColor>
                    <mBgColor>#ffff00</mBgColor>
                    <mSoundFile></mSoundFile>
                    <colorTriggerFgColor>#000000</colorTriggerFgColor>
                    <colorTriggerBgColor>#000000</colorTriggerBgColor>
                    <regexCodeList>
                        <string>^Your banshee stares at (\w+), then suddenly emits a high-pitched screech at (her|him), causing the colour to drain from (her|his) face.$</string>
                    </regexCodeList>
                    <regexCodePropertyList>
                        <integer>1</integer>
                    </regexCodePropertyList>
                </Trigger>
                <Trigger isActive="yes" isFolder="no" isTempTrigger="no" isMultiline="no" isPerlSlashGOption="no" isColorizerTrigger="no" isFilterTrigger="no" isSoundTrigger="no" isColorTrigger="no" isColorTriggerFg="no" isColorTriggerBg="no">
                    <name>brownie timer</name>
                    <script></script>
                    <triggerType>0</triggerType>
                    <conditonLineDelta>0</conditonLineDelta>
                    <mStayOpen>0</mStayOpen>
                    <mCommand></mCommand>
                    <packageName></packageName>
                    <mFgColor>#ff0000</mFgColor>
                    <mBgColor>#ffff00</mBgColor>
                    <mSoundFile></mSoundFile>
                    <colorTriggerFgColor>#000000</colorTriggerFgColor>
                    <colorTriggerBgColor>#000000</colorTriggerBgColor>
                    <regexCodeList>
                        <string>^Your brownie runs up and tickles (\w+)'s sides.$</string>
                    </regexCodeList>
                    <regexCodePropertyList>
                        <integer>1</integer>
                    </regexCodePropertyList>
                </Trigger>
                <Trigger isActive="yes" isFolder="no" isTempTrigger="no" isMultiline="no" isPerlSlashGOption="no" isColorizerTrigger="no" isFilterTrigger="no" isSoundTrigger="no" isColorTrigger="no" isColorTriggerFg="no" isColorTriggerBg="no">
                    <name>squuezeee</name>
                    <script>shadoowtwistnum = shadoowtwistnum-1

cecho (&quot;\n&lt;red&gt;Shadow is at number &quot; .. shadoowtwistnum)
if shadoowtwistnum == 3 then
cecho (&quot;\n&lt;red&gt; ON AEON TWIST IF YOU WANT TO SQUEEZE&quot;)
if not mm.conf.paused then 
send (&quot;spit poison at &quot; .. target)
send (&quot;spit poison at &quot; .. target)
if (twistaeonTimer) then killTimer(twistaeonTimer) end
twistaeonTimer =  tempTimer(11, [[cecho(&quot;&lt;orange&gt;\nTHE AEON ON TWIST WEARS OFF IN THREE SECONDS\nTHE AEON ON TWIST WEARS OFF IN THREE SECONDS\nTHE AEON ON TWIST WEARS OFF IN THREE SECONDS\nTHE AEON ON TWIST WEARS OFF IN THREE SECONDS\n&quot;)]])
else
end
else
if shadoowtwistnum == 6 then
cecho (&quot;\n&lt;red&gt;ONE BEFORE FINAL TWIST GET READY&quot;)
else
if shadoowtwistnum == 7 then
cecho (&quot;\n&lt;red&gt;TWIST HIT TWIST HIT&quot;)
shadoowtwistnum = 0
else
end
end
end



if matches[3] == &quot;third&quot; then
cecho (&quot;\n&lt;red&gt;LAST SQUEEZE DONT SQUEEZE AGAIN&quot;)
cecho (&quot;\n&lt;red&gt;LAST SQUEEZE DONT SQUEEZE AGAIN&quot;)
cecho (&quot;\n&lt;red&gt;LAST SQUEEZE DONT SQUEEZE AGAIN&quot;)
cecho (&quot;\n&lt;red&gt;LAST SQUEEZE DONT SQUEEZE AGAIN&quot;)
cecho (&quot;\n&lt;red&gt;LAST SQUEEZE DONT SQUEEZE AGAIN&quot;)
else
end</script>
                    <triggerType>0</triggerType>
                    <conditonLineDelta>0</conditonLineDelta>
                    <mStayOpen>0</mStayOpen>
                    <mCommand></mCommand>
                    <packageName></packageName>
                    <mFgColor>#ff0000</mFgColor>
                    <mBgColor>#ffff00</mBgColor>
                    <mSoundFile></mSoundFile>
                    <colorTriggerFgColor>#000000</colorTriggerFgColor>
                    <colorTriggerBgColor>#000000</colorTriggerBgColor>
                    <regexCodeList>
                        <string>^You squeeze the shadow of (\w+) for the (\w+) time.$</string>
                    </regexCodeList>
                    <regexCodePropertyList>
                        <integer>1</integer>
                    </regexCodePropertyList>
                </Trigger>
                <Trigger isActive="yes" isFolder="no" isTempTrigger="no" isMultiline="no" isPerlSlashGOption="no" isColorizerTrigger="no" isFilterTrigger="no" isSoundTrigger="no" isColorTrigger="no" isColorTriggerFg="no" isColorTriggerBg="no">
                    <name>probe shadow stuff</name>
                    <script>if matches[2] == &quot;one&quot; then
shadoowtwistnum = 1
cecho (&quot;\n&lt;red&gt;Shadow is at number &quot; .. shadoowtwistnum)
else
if matches[2] == &quot;two&quot; then
shadoowtwistnum = 2
cecho (&quot;\n&lt;red&gt;Shadow is at number &quot; .. shadoowtwistnum)
else
if matches[2] == &quot;three&quot; then
shadoowtwistnum = 3
cecho (&quot;\n&lt;red&gt;Shadow is at number &quot; .. shadoowtwistnum)
else
if matches[2] == &quot;four&quot; then
shadoowtwistnum = 4
cecho (&quot;\n&lt;red&gt;Shadow is at number &quot; .. shadoowtwistnum)
else
if matches[2] == &quot;five&quot; then
shadoowtwistnum = 5
cecho (&quot;\n&lt;red&gt;Shadow is at number &quot; .. shadoowtwistnum)
else if matches[2] == &quot;six&quot; then
shadoowtwistnum = 6
cecho (&quot;\n&lt;red&gt;Shadow is at number &quot; .. shadoowtwistnum)
else
end
end
end
end
end
end
</script>
                    <triggerType>0</triggerType>
                    <conditonLineDelta>0</conditonLineDelta>
                    <mStayOpen>0</mStayOpen>
                    <mCommand></mCommand>
                    <packageName></packageName>
                    <mFgColor>#ff0000</mFgColor>
                    <mBgColor>#ffff00</mBgColor>
                    <mSoundFile></mSoundFile>
                    <colorTriggerFgColor>#000000</colorTriggerFgColor>
                    <colorTriggerBgColor>#000000</colorTriggerBgColor>
                    <regexCodeList>
                        <string>^This shadow has been twisted on itself (\w+) time.$</string>
                        <string>^This shadow has been twisted on itself (\w+) times.$</string>
                    </regexCodeList>
                    <regexCodePropertyList>
                        <integer>1</integer>
                        <integer>1</integer>
                    </regexCodePropertyList>
                </Trigger>
                <Trigger isActive="yes" isFolder="no" isTempTrigger="no" isMultiline="no" isPerlSlashGOption="no" isColorizerTrigger="no" isFilterTrigger="no" isSoundTrigger="no" isColorTrigger="no" isColorTriggerFg="no" isColorTriggerBg="no">
                    <name>FINAL HIT</name>
                    <script>cecho (&quot;\n&lt;red&gt;Shadow TWIST FINAL HIT &quot;)
cecho (&quot;\n&lt;red&gt;Shadow TWIST FINAL HIT &quot;)
cecho (&quot;\n&lt;red&gt;Shadow TWIST FINAL HIT &quot;)
cecho (&quot;\n&lt;red&gt;Shadow TWIST FINAL HIT &quot;)
cecho (&quot;\n&lt;red&gt;Shadow TWIST FINAL HIT &quot;)
cecho (&quot;\n&lt;red&gt;Shadow TWIST FINAL HIT &quot;)
send (&quot;clt2 Final twist on &quot;.. matches[2]..&quot; asthma, wrack, toad or just murder them&quot;)</script>
                    <triggerType>0</triggerType>
                    <conditonLineDelta>0</conditonLineDelta>
                    <mStayOpen>0</mStayOpen>
                    <mCommand></mCommand>
                    <packageName></packageName>
                    <mFgColor>#ff0000</mFgColor>
                    <mBgColor>#ffff00</mBgColor>
                    <mSoundFile></mSoundFile>
                    <colorTriggerFgColor>#000000</colorTriggerFgColor>
                    <colorTriggerBgColor>#000000</colorTriggerBgColor>
                    <regexCodeList>
                        <string>^Having sustained too many twists, the shadow of (\w+) simply collapses into a fine black mist.$</string>
                    </regexCodeList>
                    <regexCodePropertyList>
                        <integer>1</integer>
                    </regexCodePropertyList>
                </Trigger>
                <Trigger isActive="yes" isFolder="no" isTempTrigger="no" isMultiline="no" isPerlSlashGOption="no" isColorizerTrigger="no" isFilterTrigger="no" isSoundTrigger="no" isColorTrigger="no" isColorTriggerFg="no" isColorTriggerBg="no">
                    <name>hextimers</name>
                    <script>
--This is for a 30 second reminder. To change the reminder time. Rewrite the line &quot;songtime = songtime - 30&quot; to whatever time you wish.
hextime = matches[2]
cecho(&quot;&lt;orange&gt;\n HEXES ARE ENDING IN &quot; .. hextime)
hextime = hextime - 30
if (hexStatusTimer) then killTimer(hexStatusTimer) end
hexStatusTimer =
	tempTimer(hextime, [=[
                 	
                     cecho(&quot;&lt;white&gt;\n---------------------------------&lt;red&gt;---------------------------------------&quot;)
                     cecho(&quot;&lt;red&gt;\n---------HEXES ARE OVER IN 30----- &lt;white&gt;HEXES ARE OVER IN 30 --------------\n&quot;)
                     cecho(&quot;&lt;white&gt;-----------------------------------&lt;red&gt;-------------------------------------\n&quot;)
                     cecho(&quot;&lt;white&gt;\n---------------------------------&lt;red&gt;---------------------------------------&quot;)
							  cecho(&quot;&lt;red&gt;\n---------HEXES ARE OVER IN 30----- &lt;white&gt;HEXES ARE OVER IN 30 --------------\n&quot;)
                     cecho(&quot;&lt;white&gt;-----------------------------------&lt;red&gt;-------------------------------------\n&quot;)
                     cecho(&quot;&lt;white&gt;\n---------------------------------&lt;red&gt;---------------------------------------&quot;)
                     cecho(&quot;&lt;red&gt;\n---------HEXES ARE OVER IN 30----- &lt;white&gt;HEXES ARE OVER IN 30 --------------\n&quot;)
                     cecho(&quot;&lt;white&gt;-----------------------------------&lt;red&gt;-------------------------------------\n&quot;)
                     cecho(&quot;&lt;white&gt;\n---------------------------------&lt;red&gt;---------------------------------------&quot;)
 cecho(&quot;&lt;red&gt;\n---------HEXES ARE OVER IN 30----- &lt;white&gt;HEXES ARE OVER IN 30 --------------\n&quot;)
                     cecho(&quot;&lt;white&gt;-----------------------------------&lt;red&gt;-------------------------------------\n&quot;)


                    ]=]
                )









</script>
                    <triggerType>0</triggerType>
                    <conditonLineDelta>0</conditonLineDelta>
                    <mStayOpen>0</mStayOpen>
                    <mCommand></mCommand>
                    <packageName></packageName>
                    <mFgColor>#ff0000</mFgColor>
                    <mBgColor>#ffff00</mBgColor>
                    <mSoundFile></mSoundFile>
                    <colorTriggerFgColor>#000000</colorTriggerFgColor>
                    <colorTriggerBgColor>#000000</colorTriggerBgColor>
                    <regexCodeList>
                        <string>^Your asthma hex will last for another (.*) seconds.$</string>
                    </regexCodeList>
                    <regexCodePropertyList>
                        <integer>1</integer>
                    </regexCodePropertyList>
                </Trigger>
                <Trigger isActive="yes" isFolder="no" isTempTrigger="no" isMultiline="no" isPerlSlashGOption="no" isColorizerTrigger="no" isFilterTrigger="no" isSoundTrigger="no" isColorTrigger="no" isColorTriggerFg="no" isColorTriggerBg="no">
                    <name>hexkill</name>
                    <script>killTimer(hexyTimer)</script>
                    <triggerType>0</triggerType>
                    <conditonLineDelta>0</conditonLineDelta>
                    <mStayOpen>0</mStayOpen>
                    <mCommand></mCommand>
                    <packageName></packageName>
                    <mFgColor>#ff0000</mFgColor>
                    <mBgColor>#ffff00</mBgColor>
                    <mSoundFile></mSoundFile>
                    <colorTriggerFgColor>#000000</colorTriggerFgColor>
                    <colorTriggerBgColor>#000000</colorTriggerBgColor>
                    <regexCodeList>
                        <string>There are no hexes here.</string>
                    </regexCodeList>
                    <regexCodePropertyList>
                        <integer>3</integer>
                    </regexCodePropertyList>
                </Trigger>
                <TriggerGroup isActive="yes" isFolder="yes" isTempTrigger="no" isMultiline="no" isPerlSlashGOption="no" isColorizerTrigger="no" isFilterTrigger="no" isSoundTrigger="no" isColorTrigger="no" isColorTriggerFg="no" isColorTriggerBg="no">
                    <name>heal echos</name>
                    <script></script>
                    <triggerType>0</triggerType>
                    <conditonLineDelta>0</conditonLineDelta>
                    <mStayOpen>0</mStayOpen>
                    <mCommand></mCommand>
                    <packageName></packageName>
                    <mFgColor>#ff0000</mFgColor>
                    <mBgColor>#ffff00</mBgColor>
                    <mSoundFile></mSoundFile>
                    <colorTriggerFgColor>#000000</colorTriggerFgColor>
                    <colorTriggerBgColor>#000000</colorTriggerBgColor>
                    <regexCodeList/>
                    <regexCodePropertyList/>
                    <Trigger isActive="yes" isFolder="no" isTempTrigger="no" isMultiline="no" isPerlSlashGOption="no" isColorizerTrigger="no" isFilterTrigger="no" isSoundTrigger="no" isColorTrigger="no" isColorTriggerFg="no" isColorTriggerBg="no">
                        <name>aney down</name>
                        <script>cecho(&quot;\n&lt;yellow&gt; ANAESTHESIA IS GONE FROM  &quot; .. matches[2])
cecho(&quot;\n&lt;yellow&gt; ANAESTHESIA IS GONE FROM  &quot; .. matches[2])
cecho(&quot;\n&lt;yellow&gt; ANAESTHESIA IS GONE FROM  &quot; .. matches[2])
cecho(&quot;\n&lt;yellow&gt; ANAESTHESIA IS GONE FROM  &quot; .. matches[2])</script>
                        <triggerType>0</triggerType>
                        <conditonLineDelta>0</conditonLineDelta>
                        <mStayOpen>0</mStayOpen>
                        <mCommand></mCommand>
                        <packageName></packageName>
                        <mFgColor>#ff0000</mFgColor>
                        <mBgColor>#ffff00</mBgColor>
                        <mSoundFile></mSoundFile>
                        <colorTriggerFgColor>#000000</colorTriggerFgColor>
                        <colorTriggerBgColor>#000000</colorTriggerBgColor>
                        <regexCodeList>
                            <string>^You sense that the anaesthesia on (\w+) has worn off.$</string>
                        </regexCodeList>
                        <regexCodePropertyList>
                            <integer>1</integer>
                        </regexCodePropertyList>
                    </Trigger>
                    <Trigger isActive="yes" isFolder="no" isTempTrigger="no" isMultiline="no" isPerlSlashGOption="no" isColorizerTrigger="no" isFilterTrigger="no" isSoundTrigger="no" isColorTrigger="no" isColorTriggerFg="no" isColorTriggerBg="no">
                        <name>jinx hit them</name>
                        <script>cecho(&quot;\n&lt;gold&gt;*   JINX HIT JINX HIT JINX HIT JINX HIT  *\n&quot;)
cecho(&quot;\n&lt;gold&gt;*   JINX HIT JINX HIT JINX HIT JINX HIT  *\n&quot;)
cecho(&quot;\n&lt;gold&gt;*   JINX HIT JINX HIT JINX HIT JINX HIT  *\n&quot;)
cecho(&quot;\n&lt;gold&gt;*   JINX HIT JINX HIT JINX HIT JINX HIT  *\n&quot;)
</script>
                        <triggerType>0</triggerType>
                        <conditonLineDelta>0</conditonLineDelta>
                        <mStayOpen>0</mStayOpen>
                        <mCommand></mCommand>
                        <packageName></packageName>
                        <mFgColor>#ff0000</mFgColor>
                        <mBgColor>#ffff00</mBgColor>
                        <mSoundFile></mSoundFile>
                        <colorTriggerFgColor>#000000</colorTriggerFgColor>
                        <colorTriggerBgColor>#000000</colorTriggerBgColor>
                        <regexCodeList>
                            <string>^You draw the glowing glyph of a jinx in the air, and fling the powerful curse at (\w+), whose eyes grow clouded and befuddled.$</string>
                        </regexCodeList>
                        <regexCodePropertyList>
                            <integer>1</integer>
                        </regexCodePropertyList>
                    </Trigger>
                </TriggerGroup>
                <Trigger isActive="yes" isFolder="no" isTempTrigger="no" isMultiline="yes" isPerlSlashGOption="no" isColorizerTrigger="no" isFilterTrigger="no" isSoundTrigger="no" isColorTrigger="no" isColorTriggerFg="no" isColorTriggerBg="no">
                    <name>spores</name>
                    <script>mmp.locateAndEcho(multimatches[2][2])</script>
                    <triggerType>0</triggerType>
                    <conditonLineDelta>2</conditonLineDelta>
                    <mStayOpen>2</mStayOpen>
                    <mCommand></mCommand>
                    <packageName></packageName>
                    <mFgColor>#ff0000</mFgColor>
                    <mBgColor>#ffff00</mBgColor>
                    <mSoundFile></mSoundFile>
                    <colorTriggerFgColor>#000000</colorTriggerFgColor>
                    <colorTriggerBgColor>#000000</colorTriggerBgColor>
                    <regexCodeList>
                        <string>You sniff some iridescent spores, then suddenly sneeze.</string>
                        <string>^Briefly, you see an image of (.+?)\.$</string>
                    </regexCodeList>
                    <regexCodePropertyList>
                        <integer>0</integer>
                        <integer>1</integer>
                    </regexCodePropertyList>
                </Trigger>
                <Trigger isActive="yes" isFolder="no" isTempTrigger="no" isMultiline="no" isPerlSlashGOption="no" isColorizerTrigger="no" isFilterTrigger="no" isSoundTrigger="no" isColorTrigger="no" isColorTriggerFg="no" isColorTriggerBg="no">
                    <name>shadowchecker1234</name>
                    <script>local target_check = string.lower(matches[3])

if string.find(target_check, target) then
	cecho(&quot;\n&lt;orange&gt;TARGET matches this shadow&quot;)
	send (&quot;probe &quot;.. matches[2])
end
</script>
                    <triggerType>0</triggerType>
                    <conditonLineDelta>0</conditonLineDelta>
                    <mStayOpen>0</mStayOpen>
                    <mCommand></mCommand>
                    <packageName></packageName>
                    <mFgColor>#ff0000</mFgColor>
                    <mBgColor>#ffff00</mBgColor>
                    <mSoundFile></mSoundFile>
                    <colorTriggerFgColor>#000000</colorTriggerFgColor>
                    <colorTriggerBgColor>#000000</colorTriggerBgColor>
                    <regexCodeList>
                        <string>^&quot;(\w+)&quot;                          the shadow of (\w+)</string>
                        <string>^&quot;(\w+)&quot;                           the shadow of (\w+)</string>
                    </regexCodeList>
                    <regexCodePropertyList>
                        <integer>1</integer>
                        <integer>1</integer>
                    </regexCodePropertyList>
                </Trigger>
                <Trigger isActive="yes" isFolder="no" isTempTrigger="no" isMultiline="no" isPerlSlashGOption="no" isColorizerTrigger="no" isFilterTrigger="no" isSoundTrigger="no" isColorTrigger="no" isColorTriggerFg="no" isColorTriggerBg="no">
                    <name>ive stolen the shadow</name>
                    <script>send (&quot;clan wyrd tell I've stolen &quot;.. matches[2] .. &quot;'s shadow.&quot;)
</script>
                    <triggerType>0</triggerType>
                    <conditonLineDelta>0</conditonLineDelta>
                    <mStayOpen>0</mStayOpen>
                    <mCommand></mCommand>
                    <packageName></packageName>
                    <mFgColor>#ff0000</mFgColor>
                    <mBgColor>#ffff00</mBgColor>
                    <mSoundFile></mSoundFile>
                    <colorTriggerFgColor>#000000</colorTriggerFgColor>
                    <colorTriggerBgColor>#000000</colorTriggerBgColor>
                    <regexCodeList>
                        <string>^You thrust an athame dagger into the ground near (\w+), then as you withdraw your weapon from the ground, (his|her) shadow comes with it.$</string>
                    </regexCodeList>
                    <regexCodePropertyList>
                        <integer>1</integer>
                    </regexCodePropertyList>
                </Trigger>
                <Trigger isActive="yes" isFolder="no" isTempTrigger="no" isMultiline="no" isPerlSlashGOption="no" isColorizerTrigger="no" isFilterTrigger="no" isSoundTrigger="no" isColorTrigger="no" isColorTriggerFg="no" isColorTriggerBg="no">
                    <name>you droped circle</name>
                    <script>cecho(&quot;\n&lt;yellow&gt;YOUR CIRCLE IS DOWN FOR METEOR&quot;)
cecho(&quot;\n&lt;yellow&gt;YOUR CIRCLE IS DOWN FOR METEOR&quot;)
cecho(&quot;\n&lt;yellow&gt;YOUR CIRCLE IS DOWN FOR METEOR&quot;)
cecho(&quot;\n&lt;yellow&gt;YOUR CIRCLE IS DOWN FOR METEOR&quot;)
cecho(&quot;\n&lt;yellow&gt;YOUR CIRCLE IS DOWN FOR METEOR&quot;)
cecho(&quot;\n&lt;yellow&gt;YOUR CIRCLE IS DOWN FOR METEOR&quot;)</script>
                    <triggerType>0</triggerType>
                    <conditonLineDelta>0</conditonLineDelta>
                    <mStayOpen>0</mStayOpen>
                    <mCommand></mCommand>
                    <packageName></packageName>
                    <mFgColor>#ff0000</mFgColor>
                    <mBgColor>#ffff00</mBgColor>
                    <mSoundFile></mSoundFile>
                    <colorTriggerFgColor>#000000</colorTriggerFgColor>
                    <colorTriggerBgColor>#000000</colorTriggerBgColor>
                    <regexCodeList>
                        <string>Gathering a handful of salt, you sprinkle it around the ground in a ritual zodiac circle, being careful to clearly mark each of the planets and constellations of the zodiac.</string>
                        <string>There is already a zodiac circle drawn upon the ground.</string>
                    </regexCodeList>
                    <regexCodePropertyList>
                        <integer>3</integer>
                        <integer>3</integer>
                    </regexCodePropertyList>
                </Trigger>
                <Trigger isActive="yes" isFolder="no" isTempTrigger="no" isMultiline="no" isPerlSlashGOption="no" isColorizerTrigger="no" isFilterTrigger="no" isSoundTrigger="no" isColorTrigger="no" isColorTriggerFg="no" isColorTriggerBg="no">
                    <name>you cast meteor</name>
                    <script>cecho(&quot;\n&lt;yellow&gt;YOU CAST METOR PIN THEM DOWN&quot;)
cecho(&quot;\n&lt;yellow&gt;YOU CAST METOR PIN THEM DOWN&quot;)
cecho(&quot;\n&lt;yellow&gt;YOU CAST METOR PIN THEM DOWN&quot;)
cecho(&quot;\n&lt;yellow&gt;YOU CAST METOR PIN THEM DOWN&quot;)
cecho(&quot;\n&lt;yellow&gt;YOU CAST METOR PIN THEM DOWN&quot;)
cecho(&quot;\n&lt;yellow&gt;YOU CAST METOR PIN THEM DOWN&quot;)</script>
                    <triggerType>0</triggerType>
                    <conditonLineDelta>0</conditonLineDelta>
                    <mStayOpen>0</mStayOpen>
                    <mCommand></mCommand>
                    <packageName></packageName>
                    <mFgColor>#ff0000</mFgColor>
                    <mBgColor>#ffff00</mBgColor>
                    <mSoundFile></mSoundFile>
                    <colorTriggerFgColor>#000000</colorTriggerFgColor>
                    <colorTriggerBgColor>#000000</colorTriggerBgColor>
                    <regexCodeList>
                        <string>^Standing in the centre of a ritual zodiac circle drawn in salt, you cast your hands up towards the stars and beseech the celestial bodies for the gift of absolute destruction, feeling their terrible power fill you. You point an imperious finger at (\w+) and the spheres of the zodiac glow brightly as the blackness between the stars grows, an ominous shadow falling across the ground.$</string>
                    </regexCodeList>
                    <regexCodePropertyList>
                        <integer>1</integer>
                    </regexCodePropertyList>
                </Trigger>
                <Trigger isActive="yes" isFolder="no" isTempTrigger="no" isMultiline="no" isPerlSlashGOption="no" isColorizerTrigger="no" isFilterTrigger="no" isSoundTrigger="no" isColorTrigger="no" isColorTriggerFg="no" isColorTriggerBg="no">
                    <name>mypooka is this</name>
                    <script>
mypooka = matches[2]

echo (&quot;pooka is &quot; .. mypooka)</script>
                    <triggerType>0</triggerType>
                    <conditonLineDelta>0</conditonLineDelta>
                    <mStayOpen>0</mStayOpen>
                    <mCommand></mCommand>
                    <packageName></packageName>
                    <mFgColor>#ff0000</mFgColor>
                    <mBgColor>#ffff00</mBgColor>
                    <mSoundFile></mSoundFile>
                    <colorTriggerFgColor>#000000</colorTriggerFgColor>
                    <colorTriggerBgColor>#000000</colorTriggerBgColor>
                    <regexCodeList>
                        <string>a pooka bound in shadows#(\w+),</string>
                    </regexCodeList>
                    <regexCodePropertyList>
                        <integer>1</integer>
                    </regexCodePropertyList>
                </Trigger>
                <Trigger isActive="yes" isFolder="no" isTempTrigger="no" isMultiline="no" isPerlSlashGOption="no" isColorizerTrigger="no" isFilterTrigger="no" isSoundTrigger="no" isColorTrigger="no" isColorTriggerFg="no" isColorTriggerBg="no">
                    <name>my piggy is this</name>
                    <script>
mypigwidgeon = matches[2]
</script>
                    <triggerType>0</triggerType>
                    <conditonLineDelta>0</conditonLineDelta>
                    <mStayOpen>0</mStayOpen>
                    <mCommand></mCommand>
                    <packageName></packageName>
                    <mFgColor>#ff0000</mFgColor>
                    <mBgColor>#ffff00</mBgColor>
                    <mSoundFile></mSoundFile>
                    <colorTriggerFgColor>#000000</colorTriggerFgColor>
                    <colorTriggerBgColor>#000000</colorTriggerBgColor>
                    <regexCodeList>
                        <string>a pigwidgeon bound in shadows#(\w+),</string>
                    </regexCodeList>
                    <regexCodePropertyList>
                        <integer>1</integer>
                    </regexCodePropertyList>
                </Trigger>
                <Trigger isActive="yes" isFolder="no" isTempTrigger="no" isMultiline="no" isPerlSlashGOption="no" isColorizerTrigger="no" isFilterTrigger="no" isSoundTrigger="no" isColorTrigger="no" isColorTriggerFg="no" isColorTriggerBg="no">
                    <name>no shadow</name>
                    <script>send (&quot;shadowdance lash &quot; .. target)
cecho(&quot;\n&lt;orange&gt;TARGET HAS NO SHADOW&quot;)
cecho(&quot;\n&lt;orange&gt;TARGET HAS NO SHADOW&quot;)
cecho(&quot;\n&lt;orange&gt;TARGET HAS NO SHADOW&quot;)
cecho(&quot;\n&lt;orange&gt;TARGET HAS NO SHADOW&quot;)
</script>
                    <triggerType>0</triggerType>
                    <conditonLineDelta>0</conditonLineDelta>
                    <mStayOpen>0</mStayOpen>
                    <mCommand></mCommand>
                    <packageName></packageName>
                    <mFgColor>#ff0000</mFgColor>
                    <mBgColor>#ffff00</mBgColor>
                    <mSoundFile></mSoundFile>
                    <colorTriggerFgColor>#000000</colorTriggerFgColor>
                    <colorTriggerBgColor>#000000</colorTriggerBgColor>
                    <regexCodeList>
                        <string>^You thrust an athame dagger into the ground near (\w+), then as you withdraw your weapon from the ground, nothing comes with it as (\w+) has no shadow.$</string>
                    </regexCodeList>
                    <regexCodePropertyList>
                        <integer>1</integer>
                    </regexCodePropertyList>
                </Trigger>
            </TriggerGroup>
        </TriggerGroup>
    </TriggerPackage>
    <TimerPackage/>
    <AliasPackage/>
    <ActionPackage/>
    <ScriptPackage/>
    <KeyPackage/>
</MudletPackage>
